hanno_male = { Hanno Hannus }
malchus_male = { Malchus Malcus }
mago_male = { Mago Macio }
hasdrubalus_male = { Hasdrubal Hasdrubalus }
hamilcar_male = { Hamilcar Hamilian }
himilco_male = { Himilco Himilcus }
hannibal_male = { Hannibal Hannius }
gisco_male = { Gisco Giscar }
adherbal_male = { Adherbal Adhersus }
bodo_male = { Bodo Bodan }
bostar_male = { Bostar Bostarius }
carthalo_male = { Carthalo Carthalus }
gisgo_male = { Gisgo Gisgan }
aqhat_male = { Aqhat Acatius }
qarnaim_male = { Qarnaim Qarnaius }
abdmelqart_male = { Abdmelqart Melcarian }
adoniah_male = { Adoniah Adonias Adonia Adonus Adohnus Adohnes }
yarikh_male = { Yarikh Yaricus }
bodeshmun_male = { Bodeshmun Bodeshmus }
milkyaton_male = { Milkyaton Milkyatian }
resheph_male = { Resheph Resisus }
balthasar_male = { Balthasar Balthus Baltser Balzer Baltsirus Baltsus }
ashtartyaton_male = { Ashtartyaton Ashtartyatian }
hyrum_male = { Hyrum Hyrian }
hailama_male = { Hailama Hailian }
zephon_male = { Zephon Zephonicus Zephonius }
yehawwielon_male = { Zephon Iehavielus }
baalshillek_male = { Baalshillek Baalsilicus }
beirut_male = { Beirut Beirutus }
bodmelqart_male = { Bodmelqart Bodmelcer }
shamayim_male = { Shamayim Scamavius }
azmelqart_male = { Azmelqart Asmelcarius }
batnoam_male = { Batnoam Batniumus }
abbar_male = { Abbar Abbarus }
baal_male = { Baal Baalus }
agbal_male = { Agbal Agbalian }
ahirom_male = { Ahirom Airous }
azimilik_male = { Azimilik Asimilicus }
baalhanno_male = { Baalhanno Baalhannus }
bodashtart_male = { Bodashtart Bodasian }
chelbes_male = { Chelbes Chelbus }
tabnit_male = { Tabnit Tabnian }
gerbaal_male = { Gerbaal Gerbulus }
gerimilki_male = { Gerimilki Gerimilcus }
baaliaton_male = { Baaliaton Baaliatus }
barekbaal_male = { Barekbaal Barecibaal }
urumilki_male = { Urumilki Urumilcius }
yehomilk_male = { Yehomilk Uemilcus Yadamilk Yadamilcan }
paltibaal_male = { Paltibaal Paltibalian }
abirami_male = { Abirami Abiramius }
eshbaal_male = { Eshbaal Eshatus }
mattan_male = { Mattan Mattian }
mattan_male = { Mattan Mattian }
metallo_male = { Metallo Metallus }
milkherem_male = { Milkherem Milkiram Milcerenius }
danel_male = { Danel Danelian }
kanmi_male = { Kanmi Kanmius }
melqartpilles_male = { Melqartpilles Melqartpilus }
massinissa_male = { Massinissa Massinissus }
hiempsal_male = { Hiempsal Hiempsalian }
ahumm_male = { Ahumm Acumian }
eshmounhilles_male = { Eshmounhilles Esmuniles }
eshmouniaton_male = { Eshmouniaton Eshmouniatus }
philosir_male = { Philosir Philosius }
#### female
dido_female = { Dido Didia }
sophonisba_female = { Sophonisba Sophonisa }
birkana_female = { Birkana Bicana Birkanda Bircana }
amatbal_female = { Amatbal Amatia Amabalis }
ashtoreth_female = { Ashtoreth Asoretia }
amatashtart_female = { Amatashtart Anatasana }
imashmon_female = { Imashmon Imasmona }
izabel_female = { Izabel Isabel }
tanyth_female = { Tanyih Tania Tanyth Tanythe Tanita }
jezebelle_female = { Jezebel Jezebelle Jesebella }
zibqet_female = { Zibqet Sibceta }
barkitbal_female = { Barkitbal Barkitba }
amotmilqart_female = { Amotmilqart Anomilcara }
azibal_female = { Azibal Asibal }
adonyah_female = { Adonyah Adonua }
anath_female = { Anath Anacia }
coryender_female = { Coryender Coridina Coriander Coriana }
arishot_female = { Arishot Arisa Arishat Arisia }
yasha_female = { Yasha Yasia }
pawly_female = { Pawly Pauwla }
shapash_female = { Shapash Shapasia }
nikkal_female = { Nikkal Nicca }
abdosir_female = { Abdosir Abdosia }
shayna_female = { Shayna Shania }
tamar_female = { Tamar Tamariana }
adiya_female = { Adiya Adia }
ytab_female = { Ytab Utia }
huldu_female = { Huldu Hulda }
mashah_female = { Mashah Masonia }
iezabel_female = { Iezabel Iesabel }